Sentence,Predicted sentiment
Love my Echo!,Positive
Loved it!,Positive
"Sometimes while playing a game, you can answer a question correctly but Alexa says you got it wrong and answers the same as you.  I like being able to turn lights on and off while away from home.",Negative
"I have had a lot of fun with this thing. My 4 yr old learns about dinosaurs, i control the lights and play games like categories. Has nice sound when playing music as well.",Positive
"This item did not work. Certified refurbished should mean it works as advertised. Instead this item crashed as soon as I turned it on and plugged it in. When trying to connect from my phone to the echo dot, it crashed, over and over. Not only would it disconnect but the orange light would freeze and then the thing would reboot with the blue light. Alexa would tell me it’s ready to connect and freeze mid sentence. Tried holding the action button for 5 seconds and it didn’t do anything. Returning immediately and hope they actually fix this item when the next buyer purchases it.",Positive
Does not work all the time,Negative
I've already returned it.,Negative
